{
  "meta": {
    "input_file": "calib_dataset/manual_samples_01.json",
    "num_samples": 40,
    "configuration": "eye-to-hand",
    "notes": [
      "Input samples store gripper2base and target2cam.",
      "For eye-to-hand, script inverts gripper2base to base2gripper before calibrateHandEye.",
      "Returned result is interpreted as cam2base."
    ]
  },
  "best_result": {
    "method": "PARK",
    "R_cam2base": [
      [
        -0.483071955,
        0.520801933,
        -0.703851428
      ],
      [
        0.875557739,
        0.28151121,
        -0.392619515
      ],
      [
        -0.006334936,
        -0.805926042,
        -0.591982334
      ]
    ],
    "t_cam2base_m": [
      0.835195325,
      0.717600193,
      0.530602896
    ],
    "rvec_cam2base": [
      -1.253113755,
      -2.114816619,
      1.075592452
    ],
    "camera_in_base_m": [
      0.835195325,
      0.717600193,
      0.530602896
    ],
    "evaluation": {
      "trans_mean_m": 0.2007796945911251,
      "trans_max_m": 0.43058464543981523,
      "rot_mean_deg": 25.470808577992102,
      "rot_max_deg": 52.1918484855254,
      "score": 0.45548778037104615
    }
  },
  "all_results": [
    {
      "method": "PARK",
      "R_cam2base": [
        [
          -0.483071955,
          0.520801933,
          -0.703851428
        ],
        [
          0.875557739,
          0.28151121,
          -0.392619515
        ],
        [
          -0.006334936,
          -0.805926042,
          -0.591982334
        ]
      ],
      "t_cam2base_m": [
        0.835195325,
        0.717600193,
        0.530602896
      ],
      "rvec_cam2base": [
        -1.253113755,
        -2.114816619,
        1.075592452
      ],
      "camera_in_base_m": [
        0.835195325,
        0.717600193,
        0.530602896
      ],
      "evaluation": {
        "trans_mean_m": 0.2007796945911251,
        "trans_max_m": 0.43058464543981523,
        "rot_mean_deg": 25.470808577992102,
        "rot_max_deg": 52.1918484855254,
        "score": 0.45548778037104615
      }
    },
    {
      "method": "DANIILIDIS",
      "R_cam2base": [
        [
          -0.482523082,
          0.52161666,
          -0.70362457
        ],
        [
          0.875852466,
          0.280612269,
          -0.392605671
        ],
        [
          -0.007343972,
          -0.805712613,
          -0.592261135
        ]
      ],
      "t_cam2base_m": [
        0.831382126,
        0.712509345,
        0.527863184
      ],
      "rvec_cam2base": [
        -1.25464903,
        -2.11467707,
        1.075851226
      ],
      "camera_in_base_m": [
        0.831382126,
        0.712509345,
        0.527863184
      ],
      "evaluation": {
        "trans_mean_m": 0.2007796945911251,
        "trans_max_m": 0.4305846454398152,
        "rot_mean_deg": 25.47080857801893,
        "rot_max_deg": 52.191848485525405,
        "score": 0.4554877803713144
      }
    },
    {
      "method": "HORAUD",
      "R_cam2base": [
        [
          -0.48303079,
          0.52084175,
          -0.703850217
        ],
        [
          0.875579982,
          0.281442381,
          -0.392619257
        ],
        [
          -0.00639922,
          -0.80592435,
          -0.591983946
        ]
      ],
      "t_cam2base_m": [
        0.835189287,
        0.717593143,
        0.53061691
      ],
      "rvec_cam2base": [
        -1.253208882,
        -2.1147859,
        1.075624548
      ],
      "camera_in_base_m": [
        0.835189287,
        0.717593143,
        0.53061691
      ],
      "evaluation": {
        "trans_mean_m": 0.20077969459112505,
        "trans_max_m": 0.4305846454398152,
        "rot_mean_deg": 25.470808578018936,
        "rot_max_deg": 52.191848485525426,
        "score": 0.45548778037131443
      }
    },
    {
      "method": "ANDREFF",
      "R_cam2base": [
        [
          -0.481534421,
          0.522125417,
          -0.703924463
        ],
        [
          0.876404533,
          0.28108951,
          -0.391029132
        ],
        [
          -0.006300466,
          -0.805216577,
          -0.592947357
        ]
      ],
      "t_cam2base_m": [
        0.833433782,
        0.716973181,
        0.530438293
      ],
      "rvec_cam2base": [
        -1.255271467,
        -2.114278229,
        1.073708222
      ],
      "camera_in_base_m": [
        0.833433782,
        0.716973181,
        0.530438293
      ],
      "evaluation": {
        "trans_mean_m": 0.2007796945911251,
        "trans_max_m": 0.43058464543981506,
        "rot_mean_deg": 25.470808578018932,
        "rot_max_deg": 52.191848485525405,
        "score": 0.45548778037131443
      }
    },
    {
      "method": "TSAI",
      "R_cam2base": [
        [
          -0.484774787,
          0.516732851,
          -0.705677382
        ],
        [
          0.874629834,
          0.282703151,
          -0.393829381
        ],
        [
          -0.004007359,
          -0.808125045,
          -0.588997328
        ]
      ],
      "t_cam2base_m": [
        0.835926268,
        0.718022359,
        0.528911425
      ],
      "rvec_cam2base": [
        -1.247762935,
        -2.113268183,
        1.077903122
      ],
      "camera_in_base_m": [
        0.835926268,
        0.718022359,
        0.528911425
      ],
      "evaluation": {
        "trans_mean_m": 0.20077969459112505,
        "trans_max_m": 0.4305846454398152,
        "rot_mean_deg": 25.470808578045716,
        "rot_max_deg": 52.191848485525426,
        "score": 0.4554877803715822
      }
    }
  ]
}