{
  "meta": {
    "input_file": "calib_dataset/manual_samples_01.json",
    "num_samples": 40,
    "configuration": "eye-to-hand",
    "notes": [
      "Input samples store gripper2base and target2cam.",
      "For eye-to-hand, script inverts gripper2base to base2gripper before calibrateHandEye.",
      "Returned result is interpreted as cam2base."
    ]
  },
  "best_result": {
    "method": "PARK",
    "R_cam2base": [
      [
        -0.488197245,
        0.534076616,
        -0.690235915
      ],
      [
        0.872516674,
        0.281060911,
        -0.399649119
      ],
      [
        -0.019444914,
        -0.797349943,
        -0.603203915
      ]
    ],
    "t_cam2base_m": [
      0.816313202,
      0.713825285,
      0.531283842
    ],
    "rvec_cam2base": [
      -1.264343147,
      -2.132532681,
      1.075945387
    ],
    "camera_in_base_m": [
      0.816313202,
      0.713825285,
      0.531283842
    ],
    "evaluation": {
      "trans_mean_m": 0.28476857194028565,
      "trans_max_m": 0.6491095141954176,
      "rot_mean_deg": 47.06334066976843,
      "rot_max_deg": 94.22352938611299,
      "score": 0.75540197863797
    }
  },
  "all_results": [
    {
      "method": "PARK",
      "R_cam2base": [
        [
          -0.488197245,
          0.534076616,
          -0.690235915
        ],
        [
          0.872516674,
          0.281060911,
          -0.399649119
        ],
        [
          -0.019444914,
          -0.797349943,
          -0.603203915
        ]
      ],
      "t_cam2base_m": [
        0.816313202,
        0.713825285,
        0.531283842
      ],
      "rvec_cam2base": [
        -1.264343147,
        -2.132532681,
        1.075945387
      ],
      "camera_in_base_m": [
        0.816313202,
        0.713825285,
        0.531283842
      ],
      "evaluation": {
        "trans_mean_m": 0.28476857194028565,
        "trans_max_m": 0.6491095141954176,
        "rot_mean_deg": 47.06334066976843,
        "rot_max_deg": 94.22352938611299,
        "score": 0.75540197863797
      }
    },
    {
      "method": "HORAUD",
      "R_cam2base": [
        [
          -0.488098913,
          0.534185558,
          -0.690221153
        ],
        [
          0.8725712,
          0.281025548,
          -0.399554931
        ],
        [
          -0.019466696,
          -0.797289427,
          -0.603283198
        ]
      ],
      "t_cam2base_m": [
        0.816314903,
        0.713768424,
        0.53133209
      ],
      "rvec_cam2base": [
        -1.264510856,
        -2.132518805,
        1.075824001
      ],
      "camera_in_base_m": [
        0.816314903,
        0.713768424,
        0.53133209
      ],
      "evaluation": {
        "trans_mean_m": 0.28476857194028554,
        "trans_max_m": 0.6491095141954173,
        "rot_mean_deg": 47.0633406698643,
        "rot_max_deg": 94.22352938611299,
        "score": 0.7554019786389286
      }
    },
    {
      "method": "TSAI",
      "R_cam2base": [
        [
          -0.491726097,
          0.536118088,
          -0.686136168
        ],
        [
          0.870681134,
          0.29282502,
          -0.395180808
        ],
        [
          -0.010945742,
          -0.791726533,
          -0.610777609
        ]
      ],
      "t_cam2base_m": [
        0.815703114,
        0.715576677,
        0.532478933
      ],
      "rvec_cam2base": [
        -1.25822511,
        -2.142354576,
        1.061556331
      ],
      "camera_in_base_m": [
        0.815703114,
        0.715576677,
        0.532478933
      ],
      "evaluation": {
        "trans_mean_m": 0.2847685719402856,
        "trans_max_m": 0.6491095141954173,
        "rot_mean_deg": 47.0633406698643,
        "rot_max_deg": 94.22352938611299,
        "score": 0.7554019786389287
      }
    },
    {
      "method": "ANDREFF",
      "R_cam2base": [
        [
          -0.48745978,
          0.533816869,
          -0.690957679
        ],
        [
          0.872965211,
          0.281879974,
          -0.398089714
        ],
        [
          -0.017739872,
          -0.79723474,
          -0.603408706
        ]
      ],
      "t_cam2base_m": [
        0.810300061,
        0.711181061,
        0.529815787
      ],
      "rvec_cam2base": [
        -1.263918048,
        -2.131786894,
        1.073934742
      ],
      "camera_in_base_m": [
        0.810300061,
        0.711181061,
        0.529815787
      ],
      "evaluation": {
        "trans_mean_m": 0.28476857194028554,
        "trans_max_m": 0.6491095141954173,
        "rot_mean_deg": 47.06334066986432,
        "rot_max_deg": 94.223529386113,
        "score": 0.7554019786389288
      }
    },
    {
      "method": "DANIILIDIS",
      "R_cam2base": [
        [
          -0.489732242,
          0.534555248,
          -0.688776464
        ],
        [
          0.871802096,
          0.290169188,
          -0.39466815
        ],
        [
          -0.011110223,
          -0.793758483,
          -0.608131593
        ]
      ],
      "t_cam2base_m": [
        0.81751066,
        0.713809162,
        0.54080153
      ],
      "rvec_cam2base": [
        -1.258993982,
        -2.137806026,
        1.063898863
      ],
      "camera_in_base_m": [
        0.81751066,
        0.713809162,
        0.54080153
      ],
      "evaluation": {
        "trans_mean_m": 0.2847685719402854,
        "trans_max_m": 0.6491095141954167,
        "rot_mean_deg": 47.0633406699602,
        "rot_max_deg": 94.22352938611301,
        "score": 0.7554019786398873
      }
    }
  ]
}