{
  "meta": {
    "input_file": "calib_dataset/samples.json",
    "num_samples": 25,
    "configuration": "eye-to-hand",
    "notes": [
      "Input samples store gripper2base and target2cam.",
      "For eye-to-hand, script inverts gripper2base to base2gripper before calibrateHandEye.",
      "Returned result is interpreted as cam2base."
    ]
  },
  "best_result": {
    "method": "HORAUD",
    "R_cam2base": [
      [
        -0.691532644,
        0.326676329,
        -0.644255523
      ],
      [
        0.722295719,
        0.302279846,
        -0.622025553
      ],
      [
        -0.008455565,
        -0.895493981,
        -0.444993295
      ]
    ],
    "t_cam2base_m": [
      0.853619759,
      0.707727934,
      0.586156444
    ],
    "rvec_cam2base": [
      -0.937027073,
      -2.178539503,
      1.355571761
    ],
    "camera_in_base_m": [
      0.853619759,
      0.707727934,
      0.586156444
    ],
    "evaluation": {
      "trans_mean_m": 0.15032238921550337,
      "trans_max_m": 0.29149111384794524,
      "rot_mean_deg": 14.10961148361187,
      "rot_max_deg": 28.047131793469983,
      "score": 0.29141850405162206
    }
  },
  "all_results": [
    {
      "method": "HORAUD",
      "R_cam2base": [
        [
          -0.691532644,
          0.326676329,
          -0.644255523
        ],
        [
          0.722295719,
          0.302279846,
          -0.622025553
        ],
        [
          -0.008455565,
          -0.895493981,
          -0.444993295
        ]
      ],
      "t_cam2base_m": [
        0.853619759,
        0.707727934,
        0.586156444
      ],
      "rvec_cam2base": [
        -0.937027073,
        -2.178539503,
        1.355571761
      ],
      "camera_in_base_m": [
        0.853619759,
        0.707727934,
        0.586156444
      ],
      "evaluation": {
        "trans_mean_m": 0.15032238921550337,
        "trans_max_m": 0.29149111384794524,
        "rot_mean_deg": 14.10961148361187,
        "rot_max_deg": 28.047131793469983,
        "score": 0.29141850405162206
      }
    },
    {
      "method": "DANIILIDIS",
      "R_cam2base": [
        [
          -0.700817755,
          0.318786802,
          -0.63814532
        ],
        [
          0.713303587,
          0.304090539,
          -0.631448285
        ],
        [
          -0.007243425,
          -0.897721515,
          -0.440503818
        ]
      ],
      "t_cam2base_m": [
        0.848997689,
        0.715397515,
        0.576416801
      ],
      "rvec_cam2base": [
        -0.921609672,
        -2.183641548,
        1.365478928
      ],
      "camera_in_base_m": [
        0.848997689,
        0.715397515,
        0.576416801
      ],
      "evaluation": {
        "trans_mean_m": 0.1503223892155033,
        "trans_max_m": 0.29149111384794507,
        "rot_mean_deg": 14.10961148361215,
        "rot_max_deg": 28.047131793470115,
        "score": 0.29141850405162484
      }
    },
    {
      "method": "TSAI",
      "R_cam2base": [
        [
          -0.701424759,
          0.316589176,
          -0.638572315
        ],
        [
          0.712713926,
          0.303386041,
          -0.632452188
        ],
        [
          -0.006493591,
          -0.898737005,
          -0.438439995
        ]
      ],
      "t_cam2base_m": [
        0.848072258,
        0.714593394,
        0.579703449
      ],
      "rvec_cam2base": [
        -0.919297661,
        -2.18213152,
        1.367545324
      ],
      "camera_in_base_m": [
        0.848072258,
        0.714593394,
        0.579703449
      ],
      "evaluation": {
        "trans_mean_m": 0.15032238921550325,
        "trans_max_m": 0.291491113847945,
        "rot_mean_deg": 14.109611483612394,
        "rot_max_deg": 28.047131793470225,
        "score": 0.29141850405162717
      }
    },
    {
      "method": "ANDREFF",
      "R_cam2base": [
        [
          -0.691820082,
          0.326772104,
          -0.643898258
        ],
        [
          0.722016003,
          0.302161552,
          -0.622407655
        ],
        [
          -0.008824162,
          -0.895498961,
          -0.444976118
        ]
      ],
      "t_cam2base_m": [
        0.853169849,
        0.707801674,
        0.585900885
      ],
      "rvec_cam2base": [
        -0.936953351,
        -2.178885921,
        1.356048645
      ],
      "camera_in_base_m": [
        0.853169849,
        0.707801674,
        0.585900885
      ],
      "evaluation": {
        "trans_mean_m": 0.15032238921550328,
        "trans_max_m": 0.2914911138479449,
        "rot_mean_deg": 14.109611483612426,
        "rot_max_deg": 28.047131793470225,
        "score": 0.2914185040516275
      }
    },
    {
      "method": "PARK",
      "R_cam2base": [
        [
          -0.691531962,
          0.326655262,
          -0.644266936
        ],
        [
          0.722296624,
          0.302285597,
          -0.622021708
        ],
        [
          -0.008434048,
          -0.895499725,
          -0.444982145
        ]
      ],
      "t_cam2base_m": [
        0.853620757,
        0.707728406,
        0.586149263
      ],
      "rvec_cam2base": [
        -0.937004812,
        -2.178524193,
        1.35556731
      ],
      "camera_in_base_m": [
        0.853620757,
        0.707728406,
        0.586149263
      ],
      "evaluation": {
        "trans_mean_m": 0.15032238921550237,
        "trans_max_m": 0.2914911138479418,
        "rot_mean_deg": 14.10961148362193,
        "rot_max_deg": 28.04713179347385,
        "score": 0.29141850405172165
      }
    }
  ]
}